﻿{"cameraMode":{"drawMode":0,"name":"Shaded","section":"Shading Mode"},"sceneLighting":true,"audioPlay":false,"sceneViewState":{"showFog":false,"showMaterialUpdate":false,"showSkybox":false,"showFlares":false,"showImageEffects":false,"showParticleSystems":false},"in2DMode":false,"pivot":{"x":0.4042682647705078,"y":1.6499314308166505,"z":-0.7834749221801758},"rotation":{"x":0.17937953770160676,"y":0.7243043184280396,"z":-0.2051452249288559,"w":0.6333450078964233},"size":5.525002956390381,"orthographic":false}